{
	"partitions" : [
		{
			"name" : "Top",
			"pins" : [
				{
					"name" : "p0_o[0]",
					"strict" : false
				},
				{
					"name" : "p0_o[1]",
					"strict" : false
				},
				{
					"name" : "p0_o[2]",
					"strict" : false
				},
				{
					"name" : "p0_o[3]",
					"strict" : false
				},
				{
					"name" : "p0_o[4]",
					"strict" : false
				},
				{
					"name" : "p0_o[5]",
					"strict" : false
				},
				{
					"name" : "p0_o[6]",
					"strict" : false
				},
				{
					"name" : "p0_o[7]",
					"strict" : false
				},
				{
					"name" : "p1_o[0]",
					"strict" : false
				},
				{
					"name" : "p1_o[1]",
					"strict" : false
				},
				{
					"name" : "p1_o[2]",
					"strict" : false
				},
				{
					"name" : "p1_o[3]",
					"strict" : false
				},
				{
					"name" : "p1_o[4]",
					"strict" : false
				},
				{
					"name" : "p1_o[5]",
					"strict" : false
				},
				{
					"name" : "p1_o[6]",
					"strict" : false
				},
				{
					"name" : "p1_o[7]",
					"strict" : false
				},
				{
					"name" : "p2_o[0]",
					"strict" : false
				},
				{
					"name" : "p2_o[1]",
					"strict" : false
				},
				{
					"name" : "p2_o[2]",
					"strict" : false
				},
				{
					"name" : "p2_o[3]",
					"strict" : false
				},
				{
					"name" : "p2_o[4]",
					"strict" : false
				},
				{
					"name" : "p2_o[5]",
					"strict" : false
				},
				{
					"name" : "p2_o[6]",
					"strict" : false
				},
				{
					"name" : "p2_o[7]",
					"strict" : false
				},
				{
					"name" : "p3_o[0]",
					"strict" : false
				},
				{
					"name" : "p3_o[1]",
					"strict" : false
				},
				{
					"name" : "p3_o[2]",
					"strict" : false
				},
				{
					"name" : "p3_o[3]",
					"strict" : false
				},
				{
					"name" : "p3_o[4]",
					"strict" : false
				},
				{
					"name" : "p3_o[5]",
					"strict" : false
				},
				{
					"name" : "p3_o[6]",
					"strict" : false
				},
				{
					"name" : "p3_o[7]",
					"strict" : false
				},
				{
					"name" : "all_rxd_o[0]",
					"strict" : false
				},
				{
					"name" : "all_txd_o[0]",
					"strict" : false
				},
				{
					"name" : "all_rxdwr_o[0]",
					"strict" : false
				},
				{
					"name" : "reset_n",
					"strict" : false
				},
				{
					"name" : "p3_i[0]",
					"strict" : false
				},
				{
					"name" : "p2_i[0]",
					"strict" : false
				},
				{
					"name" : "p0_i[0]",
					"strict" : false
				},
				{
					"name" : "p1_i[0]",
					"strict" : false
				},
				{
					"name" : "p3_i[7]",
					"strict" : false
				},
				{
					"name" : "p2_i[7]",
					"strict" : false
				},
				{
					"name" : "p0_i[7]",
					"strict" : false
				},
				{
					"name" : "p1_i[7]",
					"strict" : false
				},
				{
					"name" : "all_rxd_i[0]",
					"strict" : false
				},
				{
					"name" : "p0_i[1]",
					"strict" : false
				},
				{
					"name" : "p1_i[1]",
					"strict" : false
				},
				{
					"name" : "p3_i[1]",
					"strict" : false
				},
				{
					"name" : "p2_i[1]",
					"strict" : false
				},
				{
					"name" : "p3_i[2]",
					"strict" : false
				},
				{
					"name" : "p2_i[2]",
					"strict" : false
				},
				{
					"name" : "p0_i[2]",
					"strict" : false
				},
				{
					"name" : "p1_i[2]",
					"strict" : false
				},
				{
					"name" : "p3_i[3]",
					"strict" : false
				},
				{
					"name" : "p2_i[3]",
					"strict" : false
				},
				{
					"name" : "p0_i[3]",
					"strict" : false
				},
				{
					"name" : "p1_i[3]",
					"strict" : false
				},
				{
					"name" : "p0_i[4]",
					"strict" : false
				},
				{
					"name" : "p1_i[4]",
					"strict" : false
				},
				{
					"name" : "p3_i[4]",
					"strict" : false
				},
				{
					"name" : "p2_i[4]",
					"strict" : false
				},
				{
					"name" : "p0_i[5]",
					"strict" : false
				},
				{
					"name" : "p1_i[5]",
					"strict" : false
				},
				{
					"name" : "p3_i[5]",
					"strict" : false
				},
				{
					"name" : "p2_i[5]",
					"strict" : false
				},
				{
					"name" : "p0_i[6]",
					"strict" : false
				},
				{
					"name" : "p1_i[6]",
					"strict" : false
				},
				{
					"name" : "p3_i[6]",
					"strict" : false
				},
				{
					"name" : "p2_i[6]",
					"strict" : false
				},
				{
					"name" : "int0_i[0]",
					"strict" : false
				},
				{
					"name" : "int1_i[0]",
					"strict" : false
				},
				{
					"name" : "all_t0_i[0]",
					"strict" : false
				},
				{
					"name" : "all_t1_i[0]",
					"strict" : false
				},
				{
					"name" : "altera_reserved_tms",
					"strict" : false
				},
				{
					"name" : "altera_reserved_tck",
					"strict" : false
				},
				{
					"name" : "altera_reserved_tdi",
					"strict" : false
				},
				{
					"name" : "altera_reserved_tdo",
					"strict" : false
				}
			]
		}
	]
}