# Copyright (C) 2020  Intel Corporation. All rights reserved.,,,,,,,,,,
# Your use of Intel Corporation's design tools, logic functions ,,,,,,,,,
# and other software and tools, and any partner logic ,,,,,,,,,
# functions, and any output files from any of the foregoing ,,,,,,,,,
# (including device programming or simulation files), and any ,,,,,,,,,
# associated documentation or information are expressly subject ,,,,,,,,,,
# to the terms and conditions of the Intel Program License ,,,,,,,,,,
# Subscription Agreement, the Intel Quartus Prime License Agreement,,,,,,,,,
# the Intel FPGA IP License Agreement, or other applicable license,,,,,,,,,
# agreement, including, without limitation, that your use is for,,,,,,,
# the sole purpose of programming logic devices manufactured by,,,,,,,,,,
# Intel and sold by Intel or its authorized distributors.  Please,,,,,,,,,,
# refer to the applicable agreement for further details, at,,,,,,,,,
# https://fpgasoftware.intel.com/eula.,,,,,,,,,,
,,,,,,,,,,
# Quartus Prime Version 20.1.0 Build 711 06/05/2020 SJ Lite Edition,,,,,,,,,,
# File: C:\Users\Sohaib\Desktop\Thesis_new\mc8051_thesis_doc\mc8051_boot\mc8051_thesis.csv,,,,,,,,,,
# Generated on: Thu Feb 11 16:56:17 2021,,,,,,,,,,
,,,,,,,,,,
# Note: The column header names should not be changed if you wish to import this .csv file into the Quartus Prime software.,,,,,,,,,,
,,,,,,,,,,
To,Direction,Location,I/O Bank,VREF Group,I/O Standard,Reserved,Current Strength,Slew Rate,Differential Pair,Strict Preservation
all_rxd_i[0],Input,PIN_D15,6,B6_N0,3.3-V LVTTL,,,,,
all_rxd_o[0],Output,PIN_F15,6,B6_N0,3.3-V LVTTL,,,,,
all_rxdwr_o[0],Output,,,,,,,,,
all_t0_i[0],Input,PIN_C15,6,B6_N0,3.3-V LVTTL,,,,,
all_t1_i[0],Input,PIN_B16,6,B6_N0,3.3-V LVTTL,,,,,
all_txd_o[0],Output,,,,,,,,,
altera_reserved_tck,Input,,,,,,,,,
altera_reserved_tdi,Input,,,,,,,,,
altera_reserved_tdo,Output,,,,,,,,,
altera_reserved_tms,Input,,,,,,,,,
clk,Input,PIN_M2,2,B2_N0,3.3-V LVTTL,,,,,
int0_i[0],Input,PIN_C16,6,B6_N0,3.3-V LVTTL,,,,,
int1_i[0],Input,PIN_D16,6,B6_N0,3.3-V LVTTL,,,,,
p0_i[7],Input,,,,,,,,,
p0_i[6],Input,,,,,,,,,
p0_i[5],Input,,,,,,,,,
p0_i[4],Input,,,,,,,,,
p0_i[3],Input,,,,,,,,,
p0_i[2],Input,,,,,,,,,
p0_i[1],Input,,,,,,,,,
p0_i[0],Input,,,,,,,,,
p0_o[7],Output,,,,,,,,,
p0_o[6],Output,,,,,,,,,
p0_o[5],Output,,,,,,,,,
p0_o[4],Output,,,,,,,,,
p0_o[3],Output,,,,,,,,,
p0_o[2],Output,,,,,,,,,
p0_o[1],Output,,,,,,,,,
p0_o[0],Output,,,,,,,,,
p1_i[7],Input,,,,,,,,,
p1_i[6],Input,,,,,,,,,
p1_i[5],Input,,,,,,,,,
p1_i[4],Input,,,,,,,,,
p1_i[3],Input,,,,,,,,,
p1_i[2],Input,,,,,,,,,
p1_i[1],Input,,,,,,,,,
p1_i[0],Input,,,,,,,,,
p1_o[7],Output,,,,,,,,,
p1_o[6],Output,,,,,,,,,
p1_o[5],Output,,,,,,,,,
p1_o[4],Output,,,,,,,,,
p1_o[3],Output,,,,,,,,,
p1_o[2],Output,,,,,,,,,
p1_o[1],Output,,,,,,,,,
p1_o[0],Output,,,,,,,,,
p2_i[7],Input,,,,,,,,,
p2_i[6],Input,,,,,,,,,
p2_i[5],Input,,,,,,,,,
p2_i[4],Input,,,,,,,,,
p2_i[3],Input,,,,,,,,,
p2_i[2],Input,,,,,,,,,
p2_i[1],Input,,,,,,,,,
p2_i[0],Input,,,,,,,,,
p2_o[7],Output,PIN_N3,3,B3_N0,3.3-V LVTTL,,,,,
p2_o[6],Output,PIN_N5,3,B3_N0,3.3-V LVTTL,,,,,
p2_o[5],Output,PIN_R4,3,B3_N0,3.3-V LVTTL,,,,,
p2_o[4],Output,PIN_T2,3,B3_N0,3.3-V LVTTL,,,,,
p2_o[3],Output,PIN_R3,3,B3_N0,3.3-V LVTTL,,,,,
p2_o[2],Output,PIN_T3,3,B3_N0,3.3-V LVTTL,,,,,
p2_o[1],Output,PIN_T4,3,B3_N0,3.3-V LVTTL,,,,,
p2_o[0],Output,PIN_M6,3,B3_N0,3.3-V LVTTL,,,,,
p3_i[7],Input,,,,,,,,,
p3_i[6],Input,,,,,,,,,
p3_i[5],Input,,,,,,,,,
p3_i[4],Input,,,,,,,,,
p3_i[3],Input,,,,,,,,,
p3_i[2],Input,,,,,,,,,
p3_i[1],Input,,,,,,,,,
p3_i[0],Input,,,,,,,,,
p3_o[7],Output,,,,,,,,,
p3_o[6],Output,,,,,,,,,
p3_o[5],Output,,,,,,,,,
p3_o[4],Output,,,,,,,,,
p3_o[3],Output,,,,,,,,,
p3_o[2],Output,,,,,,,,,
p3_o[1],Output,,,,,,,,,
p3_o[0],Output,,,,,,,,,
reset_n,Input,PIN_N6,3,B3_N0,3.3-V LVTTL,,,,,
